"","Estimate","Std. Error","t value","Pr(>|t|)"
"(Intercept)",-0.99661090526424,0.262656265195689,-3.79435420861455,0.00141736846940625
"pb(log(new_area_since), df = 2)",0.881993446059584,0.0266618588025792,33.080718512179,4.80256699603225e-17
"(Intercept)",-1.45567508632235,0.499339071434478,-2.91520365538502,0.00954201333903773
"pb(new_area_since)",-8.71360119316756e-05,0.000231156898556544,-0.376956138777581,0.710805222059847
