"","Estimate","Std. Error","t value","Pr(>|t|)"
"(Intercept)",-0.997787645375123,0.262744655000676,-3.79755639699904,0.00140753771366383
"pb(log(new_area_since), df = 2)",0.882077192625106,0.0266701837071215,33.0735326877247,4.8236344844446e-17
"(Intercept)",-1.59213225233693,0.508145480476518,-3.13322131851668,0.00597775530393961
"pb(new_area_since)",-3.74016134332495e-05,0.000237173700939803,-0.15769713625518,0.87652751969102
